{
  "True": {
    "precision": 0.8905519176800748,
    "recall": 0.8936170212765957,
    "f1-score": 0.8920818366390755,
    "support": 3196.0
  },
  "Fake": {
    "precision": 0.8970649028524184,
    "recall": 0.856353591160221,
    "f1-score": 0.8762366242681203,
    "support": 2534.0
  },
  "Satire": {
    "precision": 0.9970674486803519,
    "recall": 0.9970674486803519,
    "f1-score": 0.9970674486803519,
    "support": 682.0
  },
  "Bias": {
    "precision": 0.6062618595825426,
    "recall": 0.6726315789473685,
    "f1-score": 0.6377245508982036,
    "support": 950.0
  },
  "accuracy": 0.8618581907090465,
  "macro avg": {
    "precision": 0.847736532198847,
    "recall": 0.8549174100161343,
    "f1-score": 0.8507776151214378,
    "support": 7362.0
  },
  "weighted avg": {
    "precision": 0.8659759792633744,
    "recall": 0.8618581907090465,
    "f1-score": 0.8635310349289861,
    "support": 7362.0
  }
}