{
  "True": {
    "precision": 0.8862647607209447,
    "recall": 0.8923654568210263,
    "f1-score": 0.8893046460866854,
    "support": 3196.0
  },
  "Fake": {
    "precision": 0.8945620589456206,
    "recall": 0.8504340962904499,
    "f1-score": 0.8719401173376492,
    "support": 2534.0
  },
  "Satire": {
    "precision": 0.9956204379562044,
    "recall": 1.0,
    "f1-score": 0.9978054133138259,
    "support": 682.0
  },
  "Bias": {
    "precision": 0.6028571428571429,
    "recall": 0.6663157894736842,
    "f1-score": 0.633,
    "support": 950.0
  },
  "accuracy": 0.858734039663135,
  "macro avg": {
    "precision": 0.844826100119978,
    "recall": 0.8522788356462901,
    "f1-score": 0.8480125441845401,
    "support": 7362.0
  },
  "weighted avg": {
    "precision": 0.8626799588471554,
    "recall": 0.858734039663135,
    "f1-score": 0.860305242883276,
    "support": 7362.0
  }
}