{
  "True": {
    "precision": 0.8722826086956522,
    "recall": 0.9039424280350438,
    "f1-score": 0.8878303626306084,
    "support": 3196.0
  },
  "Fake": {
    "precision": 0.9219427580225499,
    "recall": 0.8389897395422258,
    "f1-score": 0.8785123966942149,
    "support": 2534.0
  },
  "Satire": {
    "precision": 0.9985315712187959,
    "recall": 0.9970674486803519,
    "f1-score": 0.9977989728539985,
    "support": 682.0
  },
  "Bias": {
    "precision": 0.5823142050799623,
    "recall": 0.651578947368421,
    "f1-score": 0.6150024838549428,
    "support": 950.0
  },
  "accuracy": 0.8576473784297746,
  "macro avg": {
    "precision": 0.84376778575424,
    "recall": 0.8478946409065107,
    "f1-score": 0.8447860540084412,
    "support": 7362.0
  },
  "weighted avg": {
    "precision": 0.8636532453976676,
    "recall": 0.8576473784297746,
    "f1-score": 0.8596043889349617,
    "support": 7362.0
  }
}